{
  "mean_psnr": 22.380234288117947,
  "std_psnr": 2.298895203968776,
  "mean_ssim": 0.780565982832034,
  "std_ssim": 0.04941555153583438
}